<filetype binary="false" description="Software Execution Model Language" name="Software Execution Model Language">
  <highlighting>
    <options>
      <option name="LINE_COMMENT" value="#" />
      <option name="COMMENT_START" value="" />
      <option name="COMMENT_END" value="" />
      <option name="HEX_PREFIX" value="" />
      <option name="NUM_POSTFIXES" value="" />
    </options>
    <keywords keywords="CALL;COPYQUEUE;DEQUEUE;ENQUEUE;LOOP;PKTQUEUE;PROCESS;QUEUECOND;SEMDOWN;SEMUP;SLEEPTHREAD;SRVQUEUE;STATECOND;TTWAKEUP" ignore_case="false" />
    <keywords2 keywords="FIFO;LOC;SERVICE;VLOC;cepqueries;cycles;global;local;normal;packets;read;services" />
    <keywords3 keywords="CONDITIONS;HARDWARE;QUEUES;SYNCH;THREADS;TRIGGERS" />
    <keywords4 keywords="FRACTION;LOOPSTART;NAME;PEU;RESOURCES;RESTART;SIGEND;SIGSTART;START;STOP" />
  </highlighting>
  <extensionMap>
    <mapping ext="device" />
  </extensionMap>
</filetype>